-- phpMyAdmin SQL Dump
-- version 3.4.5
-- http://www.phpmyadmin.net
--
-- Host: localhost
-- Generation Time: May 18, 2012 at 08:06 AM
-- Server version: 5.5.16
-- PHP Version: 5.3.8

SET SQL_MODE="NO_AUTO_VALUE_ON_ZERO";
SET time_zone = "+00:00";


/*!40101 SET @OLD_CHARACTER_SET_CLIENT=@@CHARACTER_SET_CLIENT */;
/*!40101 SET @OLD_CHARACTER_SET_RESULTS=@@CHARACTER_SET_RESULTS */;
/*!40101 SET @OLD_COLLATION_CONNECTION=@@COLLATION_CONNECTION */;
/*!40101 SET NAMES utf8 */;

--
-- Database: `shop`
--

-- --------------------------------------------------------

--
-- Table structure for table `category`
--

CREATE TABLE IF NOT EXISTS `category` (
  `category_id` int(11) NOT NULL AUTO_INCREMENT,
  `category_name` varchar(11) NOT NULL,
  PRIMARY KEY (`category_id`)
) ENGINE=InnoDB  DEFAULT CHARSET=latin1 AUTO_INCREMENT=3 ;

--
-- Dumping data for table `category`
--

INSERT INTO `category` (`category_id`, `category_name`) VALUES
(1, 'balls'),
(2, 'bats');

-- --------------------------------------------------------

--
-- Table structure for table `products`
--

CREATE TABLE IF NOT EXISTS `products` (
  `id` int(10) unsigned NOT NULL DEFAULT '10000',
  `name` varchar(45) NOT NULL,
  `price` varchar(45) NOT NULL,
  `category_id` int(11) NOT NULL,
  PRIMARY KEY (`id`)
) ENGINE=InnoDB DEFAULT CHARSET=latin1;

--
-- Dumping data for table `products`
--

INSERT INTO `products` (`id`, `name`, `price`, `category_id`) VALUES
(10000, 'Red Ball', '10.00', 1),
(10001, 'Blue Ball', '11.00', 1),
(10002, 'Green Ball', '12.00', 1),
(10004, 'Red Bat', '33', 2),
(10005, 'Green Bat', '34', 2),
(10006, 'Blue Bat', '35', 2);

-- --------------------------------------------------------

--
-- Table structure for table `products_purchased`
--

CREATE TABLE IF NOT EXISTS `products_purchased` (
  `id` int(10) unsigned NOT NULL AUTO_INCREMENT,
  `product_id` int(11) NOT NULL,
  `quantity` int(11) NOT NULL,
  `unit_price` float NOT NULL,
  `total_price` float NOT NULL,
  `purchase_id` int(11) NOT NULL,
  PRIMARY KEY (`id`)
) ENGINE=InnoDB  DEFAULT CHARSET=latin1 AUTO_INCREMENT=144 ;

--
-- Dumping data for table `products_purchased`
--

INSERT INTO `products_purchased` (`id`, `product_id`, `quantity`, `unit_price`, `total_price`, `purchase_id`) VALUES
(1, 10000, 3, 10, 30, 2),
(2, 10000, 3, 10, 30, 3),
(3, 10001, 4, 11, 44, 4),
(4, 10002, 4, 12, 48, 6),
(5, 10001, 1, 11, 11, 6),
(6, 10001, 6, 11, 66, 7),
(7, 10001, 5, 11, 55, 8),
(8, 10000, 1, 10, 10, 8),
(9, 10001, 5, 11, 55, 9),
(10, 10000, 5, 10, 50, 10),
(11, 10001, 5, 11, 55, 11),
(12, 10000, 5, 10, 50, 12),
(13, 10001, 5, 11, 55, 13),
(14, 10002, 5, 12, 60, 14),
(15, 10001, 3, 11, 33, 16),
(16, 10002, 5, 12, 60, 16),
(17, 10000, 1, 10, 10, 17),
(18, 10001, 2, 11, 22, 17),
(19, 10002, 4, 12, 48, 17),
(20, 10002, 10, 12, 120, 18),
(21, 10001, 5, 11, 55, 18),
(22, 10000, 3, 10, 30, 19),
(23, 10001, 3, 11, 33, 20),
(24, 10002, 4, 12, 48, 20),
(25, 10000, 40, 10, 400, 22),
(26, 10001, 20, 11, 220, 22),
(27, 10000, 23, 10, 230, 23),
(28, 10001, 3, 11, 33, 25),
(29, 10002, 4, 12, 48, 25),
(30, 10000, 12, 10, 120, 26),
(31, 10001, 2, 11, 22, 26),
(32, 10002, 34, 12, 408, 26),
(33, 10001, 4, 11, 44, 27),
(34, 10000, 3, 10, 30, 27),
(35, 10000, 20, 10, 200, 28),
(36, 10000, 30, 10, 300, 29),
(37, 10001, 2, 11, 22, 29),
(38, 10001, 5, 11, 55, 30),
(39, 10002, 2, 12, 24, 30),
(40, 10000, 2, 10, 20, 30),
(41, 10002, 1, 12, 12, 31),
(42, 10006, 23, 35, 805, 31),
(43, 10001, 2, 11, 22, 31),
(44, 10002, 1, 12, 12, 34),
(45, 10006, 23, 35, 805, 34),
(46, 10001, 2, 11, 22, 34),
(47, 10000, 20, 10, 200, 37),
(48, 10005, 2, 34, 68, 37),
(49, 10005, 2, 34, 68, 38),
(68, 10002, 3, 12, 36, 67),
(69, 10005, 5, 34, 170, 69),
(70, 10006, 45, 35, 1575, 71),
(71, 10006, 2, 35, 70, 78),
(72, 10006, 23, 35, 805, 92),
(73, 10000, 4, 10, 40, 94),
(74, 10005, 2, 34, 68, 94),
(75, 10004, 3, 33, 99, 106),
(76, 10006, 3, 35, 105, 106),
(77, 10001, 2, 11, 22, 108),
(78, 10001, 2, 11, 22, 111),
(79, 10001, 2, 11, 22, 112),
(80, 10001, 3, 11, 33, 114),
(81, 10001, 3, 11, 33, 115),
(82, 10006, 4, 35, 140, 115),
(83, 10000, 2, 10, 20, 116),
(84, 10005, 20, 34, 680, 116),
(85, 10005, 23, 34, 782, 117),
(86, 10005, 23, 34, 782, 118),
(87, 10001, 3, 11, 33, 119),
(88, 10001, 3, 11, 33, 120),
(89, 10001, 3, 11, 33, 121),
(90, 10001, 3, 11, 33, 122),
(91, 10001, 3, 11, 33, 123),
(92, 10001, 2, 11, 22, 125),
(93, 10001, 2, 11, 22, 126),
(94, 10005, 23, 34, 782, 132),
(95, 10001, 2, 11, 22, 132),
(96, 10001, 2, 11, 22, 133),
(97, 10001, 3, 11, 33, 134),
(98, 10001, 3, 11, 33, 135),
(99, 10001, 3, 11, 33, 136),
(100, 10001, 3, 11, 33, 137),
(101, 10001, 3, 11, 33, 138),
(102, 10001, 3, 11, 33, 139),
(103, 10001, 3, 11, 33, 140),
(104, 10001, 3, 11, 33, 141),
(105, 10001, 3, 11, 33, 142),
(106, 10001, 3, 11, 33, 143),
(107, 10005, 4, 34, 136, 144),
(108, 10006, 6, 35, 210, 145),
(109, 10005, 3, 34, 102, 145),
(110, 10001, 4, 11, 44, 146),
(111, 10000, 2, 10, 20, 146),
(112, 10000, 2, 10, 20, 148),
(113, 10000, 2, 10, 20, 150),
(114, 10000, 3, 10, 30, 152),
(115, 10001, 3, 11, 33, 153),
(116, 10001, 3, 11, 33, 155),
(117, 10001, 3, 11, 33, 156),
(118, 10000, 3, 10, 30, 156),
(119, 10000, 2, 10, 20, 157),
(120, 10005, 2, 34, 68, 157),
(121, 10000, 2, 10, 20, 158),
(122, 10006, 3, 35, 105, 159),
(123, 10000, 1, 10, 10, 159),
(124, 10000, 3, 10, 30, 160),
(125, 10006, 4, 35, 140, 160),
(126, 10001, 2, 11, 22, 160),
(127, 10001, 6, 11, 66, 161),
(128, 10005, 4, 34, 136, 162),
(129, 10006, 1, 35, 35, 162),
(130, 10000, 2, 10, 20, 163),
(131, 10001, 3, 11, 33, 164),
(132, 10002, 5, 12, 60, 165),
(133, 10005, 2, 34, 68, 165),
(134, 10006, 67, 35, 2345, 165),
(135, 10001, 3, 11, 33, 166),
(136, 10000, 2, 10, 20, 167),
(137, 10005, 15, 34, 510, 167),
(138, 10000, 1, 10, 10, 168),
(139, 10000, 2, 10, 20, 169),
(140, 10004, 5, 33, 165, 169),
(141, 10000, 3, 10, 30, 170),
(142, 10001, 2, 11, 22, 171),
(143, 10002, 5, 12, 60, 171);

-- --------------------------------------------------------

--
-- Table structure for table `purchase`
--

CREATE TABLE IF NOT EXISTS `purchase` (
  `id` int(10) unsigned NOT NULL AUTO_INCREMENT,
  `purchase_date` datetime NOT NULL,
  PRIMARY KEY (`id`)
) ENGINE=InnoDB  DEFAULT CHARSET=latin1 AUTO_INCREMENT=172 ;

--
-- Dumping data for table `purchase`
--

INSERT INTO `purchase` (`id`, `purchase_date`) VALUES
(1, '2010-04-30 06:43:01'),
(2, '2010-04-30 06:49:50'),
(3, '2010-04-30 06:50:56'),
(4, '2010-04-30 07:02:55'),
(5, '2010-04-30 07:03:42'),
(6, '2010-04-30 07:09:45'),
(7, '2010-04-30 07:13:38'),
(8, '2010-04-30 07:20:29'),
(9, '2010-04-30 07:24:45'),
(10, '2010-04-30 07:27:41'),
(11, '2010-04-30 07:29:56'),
(12, '2010-04-30 07:32:21'),
(13, '2010-05-07 08:34:03'),
(14, '2010-05-07 08:34:40'),
(15, '2010-05-07 08:34:46'),
(16, '2010-05-07 09:39:39'),
(17, '2010-05-07 10:52:47'),
(18, '2010-05-31 06:43:30'),
(19, '2010-10-19 07:20:30'),
(20, '2010-10-19 07:20:44'),
(21, '2010-10-19 07:22:19'),
(22, '2010-10-19 07:42:35'),
(23, '2010-10-19 07:47:18'),
(24, '2010-10-19 07:47:21'),
(25, '2010-10-19 07:51:58'),
(26, '2010-10-19 07:52:17'),
(27, '2010-11-09 06:50:54'),
(28, '2010-11-11 07:01:03'),
(29, '2010-11-11 08:06:20'),
(30, '2010-11-11 08:33:10'),
(31, '2011-03-31 07:15:55'),
(32, '2011-03-31 07:17:00'),
(33, '2011-03-31 07:17:02'),
(34, '2011-03-31 07:17:04'),
(35, '2011-03-31 07:17:04'),
(36, '2011-03-31 07:17:19'),
(37, '2011-03-31 07:29:13'),
(38, '2011-03-31 07:29:33'),
(67, '2011-04-05 06:15:45'),
(68, '2011-04-05 06:15:46'),
(69, '2011-04-05 06:24:22'),
(70, '2011-04-05 06:24:22'),
(71, '2011-04-05 06:43:22'),
(72, '2011-04-05 06:43:22'),
(73, '2011-04-05 06:45:43'),
(74, '2011-04-05 06:45:44'),
(75, '2011-04-05 06:45:44'),
(76, '2011-04-05 06:45:45'),
(77, '2011-04-05 06:50:08'),
(78, '2011-04-05 06:51:21'),
(79, '2011-04-05 06:51:21'),
(80, '2011-04-05 06:54:07'),
(81, '2011-04-05 06:54:08'),
(82, '2011-04-05 06:54:08'),
(83, '2011-04-05 06:54:09'),
(84, '2011-04-05 06:54:09'),
(85, '2011-04-05 06:54:09'),
(86, '2011-04-05 06:54:09'),
(87, '2011-04-05 06:54:09'),
(88, '2011-04-05 06:54:09'),
(89, '2011-04-05 06:55:57'),
(90, '2011-04-05 06:56:17'),
(91, '2011-04-05 07:01:42'),
(92, '2011-04-05 07:02:06'),
(93, '2011-04-05 07:02:07'),
(94, '2011-04-05 07:04:33'),
(95, '2011-04-05 07:04:33'),
(96, '2011-04-05 07:08:46'),
(97, '2011-04-05 07:11:28'),
(98, '2011-04-05 07:11:29'),
(99, '2011-04-05 07:11:30'),
(100, '2011-04-05 07:11:30'),
(101, '2011-04-05 07:11:31'),
(102, '2011-04-05 07:11:31'),
(103, '2011-04-05 07:11:31'),
(104, '2011-04-05 07:11:31'),
(105, '2011-04-05 07:13:57'),
(106, '2011-04-05 07:16:13'),
(107, '2011-04-05 07:16:15'),
(108, '2011-04-05 07:18:50'),
(109, '2011-04-05 07:20:35'),
(110, '2011-04-05 07:21:26'),
(111, '2011-04-05 07:23:20'),
(112, '2011-04-05 07:23:40'),
(113, '2011-04-05 07:23:59'),
(114, '2011-04-05 07:29:43'),
(115, '2011-04-05 07:30:36'),
(116, '2011-04-27 16:45:26'),
(117, '2011-04-27 16:46:24'),
(118, '2011-04-27 16:49:18'),
(119, '2011-04-27 16:49:39'),
(120, '2011-04-27 16:52:55'),
(121, '2011-04-27 16:53:02'),
(122, '2011-04-27 16:59:17'),
(123, '2011-04-27 17:00:21'),
(124, '2011-04-27 17:00:41'),
(125, '2011-04-27 17:00:57'),
(126, '2011-04-27 17:01:51'),
(127, '2011-04-27 17:02:01'),
(128, '2011-04-27 17:02:09'),
(129, '2011-04-27 17:02:13'),
(130, '2011-04-27 17:02:17'),
(131, '2011-04-27 17:02:19'),
(132, '2011-04-27 17:08:57'),
(133, '2011-04-27 17:09:20'),
(134, '2011-04-27 18:32:37'),
(135, '2011-04-27 18:33:06'),
(136, '2011-04-28 07:05:18'),
(137, '2011-04-28 07:07:29'),
(138, '2011-04-28 07:12:06'),
(139, '2011-04-28 07:13:30'),
(140, '2011-04-28 07:38:10'),
(141, '2011-04-28 08:12:43'),
(142, '2011-04-28 08:14:39'),
(143, '2011-04-28 08:23:44'),
(144, '2011-04-28 08:24:22'),
(145, '2011-04-28 08:25:53'),
(146, '2011-04-28 08:27:04'),
(147, '2011-04-28 08:27:13'),
(148, '2011-04-28 08:41:53'),
(149, '2011-04-28 08:41:59'),
(150, '2011-04-28 08:42:14'),
(151, '2011-04-28 08:43:06'),
(152, '2011-04-28 08:43:22'),
(153, '2011-04-28 08:44:11'),
(154, '2011-04-28 08:44:16'),
(155, '2011-04-28 08:45:25'),
(156, '2011-04-28 13:53:14'),
(157, '2011-08-30 07:04:36'),
(158, '2011-08-30 07:32:18'),
(159, '2011-08-30 07:37:35'),
(160, '2011-09-06 10:12:34'),
(161, '2011-09-06 10:13:00'),
(162, '2011-10-11 07:35:18'),
(163, '2011-10-18 07:21:48'),
(164, '2011-10-18 07:23:30'),
(165, '2011-10-18 07:26:03'),
(166, '2011-10-18 07:26:49'),
(167, '2012-05-15 06:54:35'),
(168, '2012-05-15 07:22:54'),
(169, '2012-05-15 07:30:51'),
(170, '2012-05-15 07:31:12'),
(171, '2012-05-15 20:10:56');

-- --------------------------------------------------------

--
-- Table structure for table `stock`
--

CREATE TABLE IF NOT EXISTS `stock` (
  `id` int(10) unsigned NOT NULL AUTO_INCREMENT,
  `product_id` int(10) unsigned NOT NULL,
  `quantity` int(10) unsigned NOT NULL,
  PRIMARY KEY (`id`),
  KEY `product_id` (`product_id`)
) ENGINE=InnoDB  DEFAULT CHARSET=latin1 AUTO_INCREMENT=10004 ;

--
-- Dumping data for table `stock`
--

INSERT INTO `stock` (`id`, `product_id`, `quantity`) VALUES
(10001, 10000, 763),
(10002, 10001, 1668),
(10003, 10002, 2718);

-- --------------------------------------------------------

--
-- Table structure for table `user`
--

CREATE TABLE IF NOT EXISTS `user` (
  `id` int(10) unsigned NOT NULL AUTO_INCREMENT,
  `username` varchar(45) NOT NULL,
  `password` varchar(45) NOT NULL,
  `modified_date` timestamp NOT NULL DEFAULT CURRENT_TIMESTAMP ON UPDATE CURRENT_TIMESTAMP,
  `email` varchar(60) NOT NULL,
  `newsletter` tinyint(4) NOT NULL,
  `admin` tinyint(4) NOT NULL,
  PRIMARY KEY (`id`)
) ENGINE=InnoDB  DEFAULT CHARSET=latin1 AUTO_INCREMENT=5 ;

--
-- Dumping data for table `user`
--

INSERT INTO `user` (`id`, `username`, `password`, `modified_date`, `email`, `newsletter`, `admin`) VALUES
(1, 'paul', '123', '2011-09-20 03:45:22', '', 0, 1),
(2, 'joe', '123', '2011-09-20 03:42:06', 'joe@sss.com', 1, 0),
(4, 'jane', '123', '2011-09-20 03:43:05', 'jane@sss.com', 1, 0);

--
-- Constraints for dumped tables
--

--
-- Constraints for table `stock`
--
ALTER TABLE `stock`
  ADD CONSTRAINT `product_id` FOREIGN KEY (`product_id`) REFERENCES `products` (`id`);

/*!40101 SET CHARACTER_SET_CLIENT=@OLD_CHARACTER_SET_CLIENT */;
/*!40101 SET CHARACTER_SET_RESULTS=@OLD_CHARACTER_SET_RESULTS */;
/*!40101 SET COLLATION_CONNECTION=@OLD_COLLATION_CONNECTION */;
